{"cameraMode":{"drawMode":0,"name":"Shaded","section":"Shading Mode"},"sceneLighting":true,"audioPlay":false,"sceneViewState":{"showFog":true,"showMaterialUpdate":true,"showSkybox":false,"showFlares":true,"showImageEffects":true,"showParticleSystems":true,"showVisualEffectGraphs":true,"m_FxEnabled":true},"in2DMode":false,"pivot":{"x":0.0000514984130859375,"y":0.9281597137451172,"z":2.0555038452148439},"rotation":{"x":-0.008063798770308495,"y":0.9711535573005676,"z":-0.23549814522266389,"w":-0.033541928976774219},"size":61.083038330078128,"orthographic":false}