{"cameraMode":{"drawMode":0,"name":"Shaded","section":"Shading Mode"},"sceneLighting":true,"audioPlay":false,"sceneViewState":{"showFog":true,"showMaterialUpdate":true,"showSkybox":false,"showFlares":true,"showImageEffects":true,"showParticleSystems":true,"showVisualEffectGraphs":true,"m_FxEnabled":true},"in2DMode":false,"pivot":{"x":-0.5699987411499023,"y":1.1848506927490235,"z":-45.381099700927737},"rotation":{"x":0.19997744262218476,"y":0.5818124413490295,"z":-0.15033391118049622,"w":0.7737386226654053},"size":30.712005615234376,"orthographic":false}