{"cameraMode":{"drawMode":0,"name":"Shaded","section":"Shading Mode"},"sceneLighting":true,"audioPlay":false,"sceneViewState":{"showFog":true,"showMaterialUpdate":true,"showSkybox":true,"showFlares":true,"showImageEffects":true,"showParticleSystems":true,"showVisualEffectGraphs":true,"m_FxEnabled":true},"in2DMode":false,"pivot":{"x":10.588879585266114,"y":12.802279472351075,"z":11.261597633361817},"rotation":{"x":-0.0839773491024971,"y":0.9121849536895752,"z":-0.32797470688819888,"w":-0.23175352811813355},"size":1.224776268005371,"orthographic":false}