{"cameraMode":{"drawMode":0,"name":"Shaded","section":"Shading Mode"},"sceneLighting":true,"audioPlay":false,"sceneViewState":{"showFog":true,"showMaterialUpdate":true,"showSkybox":true,"showFlares":true,"showImageEffects":true,"showParticleSystems":true,"showVisualEffectGraphs":true,"m_FxEnabled":true},"in2DMode":false,"pivot":{"x":-0.07646343857049942,"y":-14.516253471374512,"z":1.4991719722747803},"rotation":{"x":0.16132858395576478,"y":-0.05708006024360657,"z":0.009347221814095974,"w":0.9852049946784973},"size":30.6777400970459,"orthographic":false}