{"cameraMode":{"drawMode":0,"name":"Shaded","section":"Shading Mode"},"sceneLighting":true,"audioPlay":false,"sceneViewState":{"showFog":true,"showMaterialUpdate":true,"showSkybox":true,"showFlares":true,"showImageEffects":true,"showParticleSystems":true,"showVisualEffectGraphs":true,"m_FxEnabled":true},"in2DMode":false,"pivot":{"x":19.091041564941408,"y":-5.806393146514893,"z":-20.964906692504884},"rotation":{"x":0.19794201850891114,"y":0.5686615109443665,"z":-0.14330188930034638,"w":0.7852874994277954},"size":18.632259368896486,"orthographic":false}