{"cameraMode":{"drawMode":0,"name":"Shaded","section":"Shading Mode"},"sceneLighting":true,"audioPlay":false,"sceneViewState":{"showFog":true,"showMaterialUpdate":true,"showSkybox":true,"showFlares":true,"showImageEffects":true,"showParticleSystems":true,"showVisualEffectGraphs":true,"m_FxEnabled":true},"in2DMode":false,"pivot":{"x":-0.6649020910263062,"y":0.34016096591949465,"z":-0.14264389872550965},"rotation":{"x":0.19575263559818269,"y":0.6083676218986511,"z":-0.1581229269504547,"w":0.7525784969329834},"size":0.06988206505775452,"orthographic":false}