{"cameraMode":{"drawMode":0,"name":"Shaded","section":"Shading Mode"},"sceneLighting":true,"audioPlay":false,"sceneViewState":{"showFog":true,"showMaterialUpdate":true,"showSkybox":true,"showFlares":true,"showImageEffects":true,"showParticleSystems":true,"showVisualEffectGraphs":true,"m_FxEnabled":true},"in2DMode":false,"pivot":{"x":-3.7627336978912355,"y":3.7853524684906008,"z":-99.37263488769531},"rotation":{"x":0.1824626326560974,"y":0.46876344084739687,"z":-0.09954933822154999,"w":0.8584187030792236},"size":0.2625409662723541,"orthographic":false}