{"cameraMode":{"drawMode":0,"name":"Shaded","section":"Shading Mode"},"sceneLighting":false,"audioPlay":false,"sceneViewState":{"showFog":true,"showMaterialUpdate":true,"showSkybox":false,"showFlares":true,"showImageEffects":true,"showParticleSystems":true,"showVisualEffectGraphs":true,"m_FxEnabled":true},"in2DMode":false,"pivot":{"x":-6.584019184112549,"y":0.09000003337860108,"z":-15.911285400390625},"rotation":{"x":-0.008063798770308495,"y":0.9711535573005676,"z":-0.23549814522266389,"w":-0.033541928976774219},"size":3.7838246822357179,"orthographic":false}