{"cameraMode":{"drawMode":0,"name":"Shaded","section":"Shading Mode"},"sceneLighting":false,"audioPlay":false,"sceneViewState":{"showFog":true,"showMaterialUpdate":true,"showSkybox":false,"showFlares":true,"showImageEffects":true,"showParticleSystems":true,"showVisualEffectGraphs":true,"m_FxEnabled":true},"in2DMode":false,"pivot":{"x":6.078028202056885,"y":2.3624792098999025,"z":-32.414920806884769},"rotation":{"x":-0.008063798770308495,"y":0.9711535573005676,"z":-0.23549814522266389,"w":-0.033541928976774219},"size":7.2153825759887699,"orthographic":false}