{"cameraMode":{"drawMode":0,"name":"Shaded","section":"Shading Mode"},"sceneLighting":true,"audioPlay":false,"sceneViewState":{"showFog":true,"showMaterialUpdate":false,"showSkybox":false,"showFlares":true,"showImageEffects":true,"showParticleSystems":true},"in2DMode":false,"pivot":{"x":-4421.31982421875,"y":2.5406687259674074,"z":3426.715087890625},"rotation":{"x":0.01714990846812725,"y":-0.9448276162147522,"z":0.050125882029533389,"w":0.3232555389404297},"size":4.331815719604492,"orthographic":false}