{"cameraMode":{"drawMode":0,"name":"Shaded","section":"Shading Mode"},"sceneLighting":false,"audioPlay":false,"sceneViewState":{"showFog":true,"showMaterialUpdate":true,"showSkybox":false,"showFlares":true,"showImageEffects":true,"showParticleSystems":true,"showVisualEffectGraphs":true,"m_FxEnabled":true},"in2DMode":false,"pivot":{"x":-0.17292799055576325,"y":15.120393753051758,"z":0.5059241652488709},"rotation":{"x":0.13059744238853455,"y":0.670663595199585,"z":-0.12157271057367325,"w":0.7198940515518189},"size":0.3351232707500458,"orthographic":false}