{"cameraMode":{"drawMode":0,"name":"Shaded","section":"Shading Mode"},"sceneLighting":false,"audioPlay":false,"sceneViewState":{"showFog":true,"showMaterialUpdate":true,"showSkybox":false,"showFlares":true,"showImageEffects":true,"showParticleSystems":true,"showVisualEffectGraphs":true,"m_FxEnabled":true},"in2DMode":false,"pivot":{"x":0.30416205525398257,"y":15.252649307250977,"z":0.8288330435752869},"rotation":{"x":0.09005069732666016,"y":0.8238884210586548,"z":-0.13664214313030244,"w":0.5424841046333313},"size":0.3351232707500458,"orthographic":false}