{"cameraMode":{"drawMode":0,"name":"Shaded","section":"Shading Mode"},"sceneLighting":false,"audioPlay":false,"sceneViewState":{"showFog":true,"showMaterialUpdate":true,"showSkybox":false,"showFlares":true,"showImageEffects":true,"showParticleSystems":true,"showVisualEffectGraphs":true,"m_FxEnabled":true},"in2DMode":false,"pivot":{"x":-2.2955262660980226,"y":16.388975143432618,"z":0.9651691317558289},"rotation":{"x":0.14365091919898988,"y":0.6837133765220642,"z":-0.13989533483982087,"w":0.7015654444694519},"size":0.3351232707500458,"orthographic":false}