{"cameraMode":{"drawMode":0,"name":"Shaded","section":"Shading Mode"},"sceneLighting":false,"audioPlay":false,"sceneViewState":{"showFog":true,"showMaterialUpdate":true,"showSkybox":false,"showFlares":true,"showImageEffects":true,"showParticleSystems":true},"in2DMode":false,"pivot":{"x":-80.9036636352539,"y":3.5555121898651125,"z":7.90000057220459},"rotation":{"x":0.08397897332906723,"y":-0.8903282284736633,"z":0.18149664998054505,"w":0.40943193435668948},"size":175.1068878173828,"orthographic":false}