{"cameraMode":{"drawMode":0,"name":"Shaded","section":"Shading Mode"},"sceneLighting":true,"audioPlay":false,"sceneViewState":{"showFog":true,"showMaterialUpdate":true,"showSkybox":true,"showFlares":true,"showImageEffects":true,"showParticleSystems":true},"in2DMode":false,"pivot":{"x":-109.03260040283203,"y":-10.04111099243164,"z":-17.926525115966798},"rotation":{"x":-0.09796453267335892,"y":0.8415781259536743,"z":-0.1624366194009781,"w":-0.5061491131782532},"size":116.50534057617188,"orthographic":false}