{"cameraMode":{"drawMode":0,"name":"Shaded","section":"Shading Mode"},"sceneLighting":true,"audioPlay":false,"sceneViewState":{"showFog":true,"showMaterialUpdate":false,"showSkybox":true,"showFlares":true,"showImageEffects":true,"showParticleSystems":true,"showVisualEffectGraphs":true,"m_FxEnabled":true},"in2DMode":false,"pivot":{"x":-1.3608672618865967,"y":0.13901734352111817,"z":-1.8007550239562989},"rotation":{"x":-0.22475934028625489,"y":0.028365707024931909,"z":-0.006451444234699011,"w":-0.9738948345184326},"size":2.79682993888855,"orthographic":false}